COD;Scuola;Dipartimento;Sede Dipartimento;Coordinate;Livello;Denominazione CdS;Modalità didattica;Participants;Graduate Students  in 2021/2022;Proportion of Graduates
56701;Scuola di Medicina;Biotenologie molecolari e scienze per la salute;Via Nizza 52, Torino;45.0501781, 7.6739911;I;Biotecnologie ;convenzionale;450;71;0,9
0101M22;Scuola di Medicina;Biotenologie molecolari e scienze per la salute;Via Nizza 52, Torino;45.0501781, 7.6739911;II;Molecular Biotechnology;convenzionale;122;35;0,69
8717;Scuola di Scienze della Natura ;Chimica;Via Pietro Giuria 7, Torino;45.051487, 7.6809388;I;CHIMICA E TECNOLOGIE CHIMICHE;convenzionale;510;81;1,02
0205L31;Scuola di Scienze della Natura ;Chimica;Via Pietro Giuria 7, Torino;45.051487, 7.6809388;I;SCIENZA DEI MATERIALI;Convenzionale;520;82;1,04
0205M21;Scuola di Scienze della Natura ;Chimica;Via Pietro Giuria 7, Torino;45.051487, 7.6809388;II;CHIMICA;convenzionale;146;42;0,83
8527;Scuola di Scienze della Natura ;Chimica;Via Pietro Giuria 7, Torino;45.051487, 7.6809388;II;CHIMICA CLINICA, FORENSE E DELLO SPORT;convenzionale;146;42;0,83
8520;Scuola di Scienze della Natura ;Chimica;Via Pietro Giuria 7, Torino;45.051487, 7.6809388;II;CHIMICA DELL'AMBIENTE;convenzionale;146;42;0,83
8540;Scuola di Scienze della Natura ;Chimica;Via Pietro Giuria 7, Torino;45.051487, 7.6809388;II;CHIMICA INDUSTRIALE;convenzionale;146;42;0,83
0208M21-23;Scuola di Scienze della Natura ;Chimica;Via Pietro Giuria 7, Torino;45.051487, 7.6809388;II;MATERIALS SCIENCE;Convenzionale;154;44;0,87
5706;"Scuola di Scienze giuridiche,
politiche ed economico-sociali";Culture, politica e società;Lungo Dora Siena, 100, Torino;45.0737596, 7.6991614;I;COMUNICAZIONE INTERCULTURALE;convenzionale;1036;164;2,07
0310L31;"Scuola di Scienze giuridiche,
politiche ed economico-sociali";Culture, politica e società;Lungo Dora Siena, 100, Torino;45.0737596, 7.6991614;I;INNOVAZIONE SOCIALE, COMUNICAZIONE, NUOVE TECNOLOGIE;convenzionale;976;154;1,95
9709;"Scuola di Scienze giuridiche,
politiche ed economico-sociali";Culture, politica e società;Lungo Dora Siena, 100, Torino;45.0737596, 7.6991614;I;SCIENZE INTERNAZIONALI, DELLO SVILUPPO E DELLA COOPERAZIONE;convenzionale;976;154;1,95
9710;"Scuola di Scienze giuridiche,
politiche ed economico-sociali";Culture, politica e società;Lungo Dora Siena, 100, Torino;45.0737596, 7.6991614;I;SCIENZE POLITICHE E SOCIALI;convenzionale;976;154;1,95
55702;"Scuola di Scienze giuridiche,
politiche ed economico-sociali";Culture, politica e società;Lungo Dora Siena, 100, Torino;45.0737596, 7.6991614;I;SCIENZE STRATEGICHE E DELLA SICUREZZA;convenzionale;976;154;1,95
9704;"Scuola di Scienze giuridiche,
politiche ed economico-sociali";Culture, politica e società;Lungo Dora Siena, 100, Torino;45.0737596, 7.6991614;I;SERVIZIO SOCIALE;convenzionale;976;154;1,95
5503;"Scuola di Scienze giuridiche,
politiche ed economico-sociali";Culture, politica e società;Lungo Dora Siena, 100, Torino;45.0737596, 7.6991614;II;ANTROPOLOGIA CULTURALE ED ETNOLOGIA;convenzionale;270;77;1,53
0401M22;"Scuola di Scienze giuridiche,
politiche ed economico-sociali";Culture, politica e società;Lungo Dora Siena, 100, Torino;45.0737596, 7.6991614;II;AREA & GLOBAL STUDIES FOR INTERNATIONAL COOPERATION;convenzionale;270;77;1,53
9506;"Scuola di Scienze giuridiche,
politiche ed economico-sociali";Culture, politica e società;Lungo Dora Siena, 100, Torino;45.0737596, 7.6991614;II;COMUNICAZIONE PUBBLICA E POLITICA;convenzionale;270;77;1,53
0304M21;"Scuola di Scienze giuridiche,
politiche ed economico-sociali";Culture, politica e società;Lungo Dora Siena, 100, Torino;45.0737596, 7.6991614;II;COMUNICAZIONE, ICT E MEDIA;convenzionale;270;77;1,53
0309M21;"Scuola di Scienze giuridiche,
politiche ed economico-sociali";Culture, politica e società;Lungo Dora Siena, 100, Torino;45.0737596, 7.6991614;II;ECONOMIC ANALYSIS AND POLICY;convenzionale;270;77;1,53
9505;"Scuola di Scienze giuridiche,
politiche ed economico-sociali";Culture, politica e società;Lungo Dora Siena, 100, Torino;45.0737596, 7.6991614;II;POLITICHE E SERVIZI SOCIALI;convenzionale;270;77;1,53
9507;"Scuola di Scienze giuridiche,
politiche ed economico-sociali";Culture, politica e società;Lungo Dora Siena, 100, Torino;45.0737596, 7.6991614;II;SCIENZE DEL GOVERNO;convenzionale;270;77;1,53
9501;"Scuola di Scienze giuridiche,
politiche ed economico-sociali";Culture, politica e società;Lungo Dora Siena, 100, Torino;45.0737596, 7.6991614;II;SCIENZE INTERNAZIONALI;convenzionale;270;77;1,53
90504;"Scuola di Scienze giuridiche,
politiche ed economico-sociali";Culture, politica e società;Lungo Dora Siena, 100, Torino;45.0737596, 7.6991614;II;SOCIOLOGIA;convenzionale;270;77;1,53
0402L31;"Scuola di Scienze giuridiche,
politiche ed economico-sociali";"Economia e Statistica ""Cognetti de Martiis""";Lungo Dora Siena, 100, Torino;45.0737596, 7.6991614;I;ECONOMIA E STATISTICA PER LE ORGANIZZAZIONI;convenzionale;941;149;1,88
0403M21;"Scuola di Scienze giuridiche,
politiche ed economico-sociali";"Economia e Statistica ""Cognetti de Martiis""";Lungo Dora Siena, 100, Torino;45.0737596, 7.6991614;II;ECONOMIA DELL'AMBIENTE, DELLA CULTURA E DEL TERRITORIO;convenzionale;136;39;0,77
0404M21;"Scuola di Scienze giuridiche,
politiche ed economico-sociali";"Economia e Statistica ""Cognetti de Martiis""";Lungo Dora Siena, 100, Torino;45.0737596, 7.6991614;II;ECONOMICS OF INNOVATION FOR SUSTAINABLE DEVELOPMENT ;convenzionale;136;39;0,77
0402M21;"Scuola di Scienze giuridiche,
politiche ed economico-sociali";"Economia e Statistica ""Cognetti de Martiis""";Lungo Dora Siena, 100, Torino;45.0737596, 7.6991614;II;METODI STATISTICI ED ECONOMICI PER LE DECISIONI;convenzionale;136;39;0,77
0508U51;Scuola di Scienze umanistiche;Filosofia e Scienze dell'Educazione;Via Sant'Ottavio, 20, Torino;45.067977, 7.6941289;CU;Scienze della formazione primaria ;convenzionale;2995;253;25,66
5506;Scuola di Scienze umanistiche;Filosofia e Scienze dell'Educazione;Via Sant'Ottavio, 20, Torino;45.067977, 7.6941289;II;COMUNICAZIONE E CULTURE DEI MEDIA;convenzionale;263;75;1,49
5501;Scuola di Scienze umanistiche;Filosofia e Scienze dell'Educazione;Via Sant'Ottavio, 20, Torino;45.067977, 7.6941289;II;FILOSOFIA;convenzionale;259;74;1,47
6507;Scuola di Scienze umanistiche;Filosofia e Scienze dell'Educazione;Via Sant'Ottavio, 20, Torino;45.067977, 7.6941289;II;PROGRAMMAZIONE E GESTIONE DEI SERVIZI EDUCATIVI E FORMATIVI;convenzionale;259;74;1,47
6505;Scuola di Scienze umanistiche;Filosofia e Scienze dell'Educazione;Via Sant'Ottavio, 20, Torino;45.067977, 7.6941289;II;SCIENZE PEDAGOGICHE;convenzionale;259;74;1,47
5702;Scuola di Scienze umanistiche;Filosofia e Scienze dell'Educazione;Via Sant'Ottavio, 20, Torino;45.067977, 7.6941289;I;FILOSOFIA;convenzionale;1486;235;2,97
6701;Scuola di Scienze umanistiche;Filosofia e Scienze dell'Educazione;Via Sant'Ottavio, 20, Torino;45.067977, 7.6941289;I;SCIENZE DELL'EDUCAZIONE;convenzionale;1491;236;2,98
8703;Scuola di Scienze della Natura ;Fisica;Via Pietro Giuria, 1, Torino;45.0520181, 7.681774250802235;I;FISICA;convenzionale;415;66;0,83
8715;Scuola di Scienze della Natura ;Fisica;Via Pietro Giuria, 1, Torino;45.0520181, 7.681774250802235;I;OTTICA E OPTOMETRIA;convenzionale;415;66;0,83
8510;Scuola di Scienze della Natura ;Fisica;Via Pietro Giuria, 1, Torino;45.0520181, 7.681774250802235;II;FISICA;convenzionale;189;54;1,07
290501;Scuola di Scienze della Natura ;Fisica;Via Pietro Giuria, 1, Torino;45.0520181, 7.681774250802235;II;FISICA DEI SISTEMI COMPLESSI;convenzionale;189;54;1,07
0706L31;"Scuola di Scienze giuridiche,
politiche ed economico-sociali";Giurisprudenza;Lungo Dora Siena, 100, Torino;45.0737596, 7.6991614;I;CONSULENZA DEL LAVORO E GESTIONE DELLE RISORSE UMANE;convenzionale;1436;227;2,87
4705;"Scuola di Scienze giuridiche,
politiche ed economico-sociali";Giurisprudenza;Lungo Dora Siena, 100, Torino;45.0737596, 7.6991614;I;DIRITTO PER LE IMPRESE E LE ISTITUZIONI;convenzionale;1441;228;2,88
0703M21;"Scuola di Scienze giuridiche,
politiche ed economico-sociali";Giurisprudenza;Lungo Dora Siena, 100, Torino;45.0737596, 7.6991614;II;EUROPEAN LEGAL STUDIES ;convenzionale;358;102;2,03
8707;Scuola di Scienze della Natura ;Informatica;Via Pessinetto 12, Torino;45.0899689, 7.6591649;I;INFORMATICA;convenzionale;1416;224;2,83
8515;Scuola di Scienze della Natura ;Informatica;Via Pessinetto 12, Torino;45.0899689, 7.6591649;II;MAGISTRALE INFORMATICA;convenzionale;623;178;3,53
55504;Scuola di Scienze della Natura ;Informatica;Via Pessinetto 12, Torino;45.0899689, 7.6591649;II;SCIENZE STRATEGICHE E MILITARI;Convenzionale;78;22;0,44
0901M21;Scuola di Scienze della Natura ;Interateneo di Scienze, progetto e politiche del territorio;Viale Pier Andrea Mattioli, 39,Torino;45.0542201, 7.685346;II;Geografia e scienze territoriali;convenzionale;46;13;0,26
12705;Dip. Non afferente;Lingue e letterature straniere e culture moderne;Via Sant'Ottavio, 18, Torino;45.0674128, 7.6941972;I;LINGUE E CULTURE PER IL TURISMO;convenzionale;1271;201;2,54
12701;Dip. Non afferente;Lingue e letterature straniere e culture moderne;Via Sant'Ottavio, 18, Torino;45.0674128, 7.6941972;I;LINGUE E LETTERATURE MODERNE;convenzionale;1256;199;2,51
12703;Dip. Non afferente;Lingue e letterature straniere e culture moderne;Via Sant'Ottavio, 18, Torino;45.0674128, 7.6941972;I;SCIENZE DELLA MEDIAZIONE LINGUISTICA;convenzionale;1256;199;2,51
"1003M21";Dip. Non afferente;Lingue e letterature straniere e culture moderne;Via Sant'Ottavio, 18, Torino;45.0674128, 7.6941972;II;"LINGUE PER LO SVILUPPO TURISTICO DEL TERRITORIO";Convenzionale;344;98;1,95
1007M21;Dip. Non afferente;Lingue e letterature straniere e culture moderne;Via Sant'Ottavio, 18, Torino;45.0674128, 7.6941972;II;ENGLISH AND AMERICAN STUDIES;Convenzionale;337;96;1,91
12501;Dip. Non afferente;Lingue e letterature straniere e culture moderne;Via Sant'Ottavio, 18, Torino;45.0674128, 7.6941972;II;LINGUE E LETTERATURE MODERNE;Convenzionale;337;96;1,91
12503;Dip. Non afferente;Lingue e letterature straniere e culture moderne;Via Sant'Ottavio, 18, Torino;45.0674128, 7.6941972;II;LINGUE STRANIERE PER LA COMUNICAZIONE INTERNAZIONALE;Convenzionale;337;96;1,91
12505;Dip. Non afferente;Lingue e letterature straniere e culture moderne;Via Sant'Ottavio, 18, Torino;45.0674128, 7.6941972;II;TRADUZIONE;Convenzionale;337;96;1,91
102703;Scuola di Management ed Economia;"Management ""Valter Cantino""";corso Unione Sovietica, 218bis, Torino;45.0380931, 7.6515426;I;ECONOMIA AZIENDALE;convenzionale;2326;368;4,65
1106L31;Scuola di Management ed Economia;"Management ""Valter Cantino""";Via Ventimiglia, 115, Torino;45.0265155, 7.6693435;I;BUSINESS & MANAGEMENT;convenzionale;2326;368;4,65
92701;Scuola di Management ed Economia;"Management ""Valter Cantino""";Via Ventimiglia, 115, Torino;45.0265155, 7.6693435;I;MANAGEMENT DELL'INFORMAZIONE E DELLA COMUNICAZIONE AZIENDALE;convenzionale;2326;368;4,65
1107M21;Scuola di Management ed Economia;"Management ""Valter Cantino""";Via Ventimiglia, 115, Torino;45.0265155, 7.6693435;II;BUSINESS ADMINISTRATION;convenzionale;3080;879;17,45
8708;Scuola di Scienze della Natura ;"Matematica ""Giuseppe Peano""";Palazzo Campana, Torino;45.0679664, 7.685617168717558;I;MATEMATICA;convenzionale;760;120;1,52
"1202L31";Scuola di Scienze della Natura ;"Matematica ""Giuseppe Peano""";Palazzo Campana, Torino;45.0679664, 7.685617168717558;I;"Matematica per l’Economia, la Finanza e
l'Assicurazione";convenzionale;765;121;1,53
8538;Scuola di Scienze della Natura ;"Matematica ""Giuseppe Peano""";Palazzo Campana, Torino;45.0679664, 7.685617168717558;II;MATEMATICA;convenzionale;199;57;1,13
1203M21;Scuola di Scienze della Natura ;"Matematica ""Giuseppe Peano""";Palazzo Campana, Torino;45.0679664, 7.685617168717558;II;STOCHASTICS AND DATA SCIENCE;convenzionale;199;57;1,13
1301M21;Scuola di Medicina;"Neuroscienze ""Rita Levi Montalcini""";Corso Massimo D'Azeglio, 52, Torino;45.0494947, 7.6804523;II;BIOTECHNOLOGY FOR NEUROSCIENCE;convenzionale;28;8;0,16
70715;Scuola di Medicina;"Neuroscienze ""Rita Levi Montalcini""";Via Cherasco, 15, Torino;45.0386645, 7.6726093;I;TECNICHE DI NEUROFISIOPATOLOGIA;convenzionale;50;8;0,1
70713;Scuola di Medicina;Oncologia;Via Rosmini, 4/A, Torino;45.0489056, 7.6727131;I;TECNICHE DI RADIOLOGIA MEDICA, PER IMMAGINI E RADIOTERAPIA;convenzionale;95;15;0,19
1401M21;Scuola di Medicina;Oncologia;Regione Gonzole, 10, Orbassano (TO);45.0294529, 7.5571538;II;ARTIFICIAL INTELLIGENCE FOR BIOMEDICINE AND HEALTHCARE;Convenzionale;53;15;0,3
11702;Dip. Non afferente;Psicologia;Via Verdi, 10,Torino;45.0691151, 7.6898971;I;SCIENZE E TECNICHE PSICOLOGICHE;Convenzionale;1941;307;3,88
1501M22;Dip. Non afferente;Psicologia;Via Verdi, 10,Torino;45.0691151, 7.6898971;II;PSICOLOGIA CLINICA;Convenzionale;406;116;2,3
1502M21;Dip. Non afferente;Psicologia;Via Verdi, 10,Torino;45.0691151, 7.6898971;II;PSICOLOGIA CRIMINOLOGICA E FORENSE;Convenzionale;406;116;2,3
1503M21;Dip. Non afferente;Psicologia;Via Verdi, 10,Torino;45.0691151, 7.6898971;II;PSICOLOGIA DEL LAVORO E DELL'ORGANIZZAZIONE;Convenzionale;406;116;2,3
1505M21;Dip. Non afferente;Psicologia;Via Verdi, 10,Torino;45.0691151, 7.6898971;II;SCIENZE DEL CORPO E DELLA MENTE;Convenzionale;406;116;2,3
3701;Dip. Non afferente;Scienza e tecnologia del farmaco;Via Pietro Giuria, 9, Torino;45.05116495, 7.681147915116832;I;TECNICHE ERBORISTICHE;Convenzionale;175;28;0,35
1601U51;Dip. Non afferente;Scienza e tecnologia del farmaco;Via Pietro Giuria, 9, Torino;45.05116495, 7.681147915116832;CU;CHIMICA E TECNOLOGIA FARMACEUTICHE;Convenzionale;746;63;6,39
1602U51;Dip. Non afferente;Scienza e tecnologia del farmaco;Via Pietro Giuria, 9, Torino;45.05116495, 7.681147915116832;CU;FARMACIA;Convenzionale;757;64;6,49
1717;Scuola di Agraria e Medicina veterinaria;Scienze agrarie, forestali e alimentari;Largo Paolo Braccini 2, Grugliasco, TO;45.0671764, 7.591895900457507;I;SCIENZE E TECNOLOGIE AGRARIE;Convenzionale;290;46;0,58
1711;Scuola di Agraria e Medicina veterinaria;Scienze agrarie, forestali e alimentari;Largo Paolo Braccini 2, Grugliasco, TO;45.0671764, 7.591895900457507;I;SCIENZE FORESTALI E AMBIENTALI;Convenzionale;290;46;0,58
1706L31;Scuola di Agraria e Medicina veterinaria;Scienze agrarie, forestali e alimentari;Largo Paolo Braccini 2, Grugliasco, TO;45.0671764, 7.591895900457507;I;SCIENZE E TECNOLOGIE PER LA MONTAGNA;Convenzionale;290;46;0,58
1703;Scuola di Agraria e Medicina veterinaria;Scienze agrarie, forestali e alimentari;Largo Paolo Braccini 2, Grugliasco, TO;45.0671764, 7.591895900457507;I;TECNOLOGIE ALIMENTARI;Convenzionale;290;46;0,58
1702;Scuola di Agraria e Medicina veterinaria;Scienze agrarie, forestali e alimentari;Largo Paolo Braccini 2, Grugliasco, TO;45.0671764, 7.591895900457507;I;VITICOLTURA ED ENOLOGIA;Convenzionale;290;46;0,58
56502;Scuola di Agraria e Medicina veterinaria;Scienze agrarie, forestali e alimentari;Largo Paolo Braccini 2, Grugliasco, TO;45.0671764, 7.591895900457507;II;BIOTECNOLOGIE VEGETALI;Convenzionale;143;41;0,81
1501;Scuola di Agraria e Medicina veterinaria;Scienze agrarie, forestali e alimentari;Largo Paolo Braccini 2, Grugliasco, TO;45.0671764, 7.591895900457507;II;SCIENZE AGRARIE;Convenzionale;136;39;0,77
1707M21;Scuola di Agraria e Medicina veterinaria;Scienze agrarie, forestali e alimentari;Largo Paolo Braccini 2, Grugliasco, TO;45.0671764, 7.591895900457507;II;SCIENZE ANIMALI;Convenzionale;136;39;0,77
1503;Scuola di Agraria e Medicina veterinaria;Scienze agrarie, forestali e alimentari;Largo Paolo Braccini 2, Grugliasco, TO;45.0671764, 7.591895900457507;II;SCIENZE E TECNOLOGIE ALIMENTARI;Convenzionale;136;39;0,77
1708M22;Scuola di Agraria e Medicina veterinaria;Scienze agrarie, forestali e alimentari;Largo Paolo Braccini 2, Grugliasco, TO;45.0671764, 7.591895900457507;II;SCIENZE DEI SISTEMI FORESTALI E DELL'AMBIENTE;Convenzionale;136;39;0,77
290511;Scuola di Agraria e Medicina veterinaria;Scienze agrarie, forestali e alimentari;Largo Paolo Braccini 2, Grugliasco, TO;45.0671764, 7.591895900457507;II;SCIENZE VITICOLE ED ENOLOGICHE;Convenzionale;136;39;0,77
7502;Scuola di Medicina;Scienze chirurgiche;Corso Dogliotti 14, Torino;45.0405376, 7.6761269;CU;Odontoiatria e protesi dentaria ;convenzionale;568;48;4,87
70706;Scuola di Medicina;Scienze chirurgiche;Corso Dogliotti 14, Torino;45.0405376, 7.6761269;I;FISIOTERAPIA;convenzionale;160;25;0,32
70720;Scuola di Medicina;Scienze chirurgiche;Corso Dogliotti 14, Torino;45.0405376, 7.6761269;I;IGIENE DENTALE;convenzionale;145;23;0,29
70707;Scuola di Medicina;Scienze chirurgiche;Corso Dogliotti 14, Torino;45.0405376, 7.6761269;I;LOGOPEDIA;convenzionale;145;23;0,29
70708;Scuola di Medicina;Scienze chirurgiche;Corso Dogliotti 14, Torino;45.0405376, 7.6761269;I;ORTOTTICA ED ASSISTENZA OFTALMOLOGICA;convenzionale;145;23;0,29
70705;Scuola di Medicina;Scienze chirurgiche;Corso Dogliotti 14, Torino;45.0405376, 7.6761269;I;OSTETRICIA;convenzionale;145;23;0,29
70710;Scuola di Medicina;Scienze chirurgiche;Corso Dogliotti 14, Torino;45.0405376, 7.6761269;I;TECNICHE AUDIOMETRICHE;convenzionale;145;23;0,29
70716;Scuola di Medicina;Scienze chirurgiche;Corso Dogliotti 14, Torino;45.0405376, 7.6761269;I;TECNICHE AUDIOPROTESICHE;convenzionale;145;23;0,29
71702;Scuola di Medicina;Scienze cliniche e biologiche;Regione Gonzole, 10, Orbassano (TO);45.0294529, 7.5571538;I;INFERMIERISTICA;convenzionale;575;91;1,15
71719;Scuola di Medicina;Scienze cliniche e biologiche;Regione Gonzole, 10, Orbassano (TO);45.0294529, 7.5571538;I;TECNICA DELLA RIABILITAZIONE PSICHIATRICA;convenzionale;580;92;1,16
71505;Scuola di Medicina;Scienze cliniche e biologiche;Regione Gonzole, 10, Orbassano (TO);45.0294529, 7.5571538;II;SCIENZE RIABILITATIVE DELLE PROFESSIONI SANITARIE;convenzionale;161;46;0,91
1901U61;Scuola di Medicina;Scienze cliniche e biologiche;Ospedale San Luigi Gonzaga;45.028593349999994, 7.5571032216155185;CU;MEDICINE AND SURGERY;convenzionale;1148;97;9,84
"1904M21";Scuola di Medicina;"Scienze Cliniche e Biologiche";Regione Gonzole, 10, Orbassano (TO);45.0294529, 7.5571538;II;"SCIENZE DELLO SPORT";Convenzionale;157;45;0,89
70723;Scuola di Medicina;Scienze della sanità pubblica e pediatriche;Piazza Polonia 94, Torino;45.0349293, 7.6751718;I;EDUCAZIONE PROFESSIONALE;convenzionale;430;68;0,86
70701;Scuola di Medicina;Scienze della sanità pubblica e pediatriche;Piazza Polonia 94, Torino;45.0349293, 7.6751718;I;INFERMIERISTICA;convenzionale;405;64;0,81
70721;Scuola di Medicina;Scienze della sanità pubblica e pediatriche;Piazza Polonia 94, Torino;45.0349293, 7.6751718;I;INFERMIERISTICA;convenzionale;405;64;0,81
70717;Scuola di Medicina;Scienze della sanità pubblica e pediatriche;Piazza Polonia 94, Torino;45.0349293, 7.6751718;I;INFERMIERISTICA PEDIATRICA;convenzionale;405;64;0,81
70711;Scuola di Medicina;Scienze della sanità pubblica e pediatriche;Piazza Polonia 94, Torino;45.0349293, 7.6751718;I;TECNICHE DI LABORATORIO BIOMEDICO;convenzionale;405;64;0,81
70709;Scuola di Medicina;Scienze della sanità pubblica e pediatriche;Piazza Polonia 94, Torino;45.0349293, 7.6751718;I;TERAPIA DELLA NEURO E PSICOMOTRICITÀ DELL'ETÀ EVOLUTIVA;convenzionale;405;64;0,81
70724;Scuola di Medicina;Scienze della sanità pubblica e pediatriche;Piazza Polonia 94, Torino;45.0349293, 7.6751718;I;TECNICHE DELLA PREVENZIONE NELL'AMBIENTE E NEI LUOGHI DI LAVORO;convenzionale;405;64;0,81
2001M21;Scuola di Medicina;Scienze della sanità pubblica e pediatriche;Piazza Polonia 94, Torino;45.0349293, 7.6751718;II;SCIENZE DELLE PROFESSIONI SANITARIE DELLA PREVENZIONE;convenzionale;42;12;0,24
70505;Scuola di Medicina;Scienze della sanità pubblica e pediatriche;Piazza Polonia 94, Torino;45.0349293, 7.6751718;II;SCIENZE DELLE PROFESSIONI SANITARIE TECNICHE DIAGNOSTICHE;convenzionale;35;10;0,2
70503;Scuola di Medicina;Scienze della sanità pubblica e pediatriche;Piazza Polonia 94, Torino;45.0349293, 7.6751718;II;SCIENZE INFERMIERISTICHE E OSTETRICHE;convenzionale;35;10;0,2
2011M21;Scuola di Medicina;Scienze della sanità pubblica e pediatriche;Piazza Polonia 94, Torino;45.0349293, 7.6751718;II;SCIENZE INFERMIERISTICHE E OSTETRICHE;Convenzionale;35;10;0,2
2103M21;Scuola di Scienze della Natura ;Scienze della terra;Via Valperga Caluso, 35,Torino;45.0525434, 7.6817193;II;Georisorse e gestione ecosostenibile d’impresa;Convenzionale;46;13;0,26
2102M21;Scuola di Scienze della Natura ;Scienze della terra;Via Valperga Caluso, 35,Torino;45.0525434, 7.6817193;II;MONITORAGGIO AMBIENTALE, TUTELA E RIPRISTINO;convenzionale;42;12;0,24
8542;Scuola di Scienze della Natura ;Scienze della terra;Via Valperga Caluso, 35,Torino;45.0525434, 7.6817193;II;SCIENZE GEOLOGICHE APPLICATE;convenzionale;42;12;0,24
8710;Scuola di Scienze della Natura ;Scienze della terra;Via Valperga Caluso, 35,Torino;45.0525434, 7.6817193;I;SCIENZE GEOLOGICHE;convenzionale;120;19;0,24
8530;Scuola di Scienze della Natura ;Scienze della vita e biologia dei sistemi;via Carlo Alberto 10 Torino;45.0679749, 7.6855872;II;EVOLUZIONE DEL COMPORTAMENTO ANIMALE E DELL'UOMO;convenzionale;125;36;0,71
90506;Scuola di Scienze della Natura ;Scienze della vita e biologia dei sistemi;via Carlo Alberto 10 Torino;45.0679749, 7.6855872;II;SCIENZE DEGLI ALIMENTI E DELLA NUTRIZIONE UMANA;convenzionale;125;36;0,71
2205M22;Scuola di Scienze della Natura ;Scienze della vita e biologia dei sistemi;via Carlo Alberto 10 Torino;45.0679749, 7.6855872;II;SCIENZE DEI SISTEMI NATURALI;convenzionale;125;36;0,71
8508;Scuola di Scienze della Natura ;Scienze della vita e biologia dei sistemi;via Accademia Albertina, 13, Torino;45.0652865, 7.6882857;II;BIOLOGIA DELL'AMBIENTE;convenzionale;132;38;0,75
8535;Scuola di Scienze della Natura ;Scienze della vita e biologia dei sistemi;via Accademia Albertina, 13, Torino;45.0652865, 7.6882857;II;BIOTECNOLOGIE INDUSTRIALI;convenzionale;125;36;0,71
2201M21;Scuola di Scienze della Natura ;Scienze della vita e biologia dei sistemi;via Accademia Albertina, 13, Torino;45.0652865, 7.6882857;II;CELLULAR AND MOLECULAR BIOLOGY-BIOLOGIA CELLULARE E MOLECOLARE;convenzionale;125;36;0,71
8705;Scuola di Scienze della Natura ;Scienze della vita e biologia dei sistemi;Via Gabriele Chiabrera, 27, Torino;45.0451239, 7.679907;I;SCIENZE BIOLOGICHE;convenzionale;1436;227;2,87
"2202L31";Scuola di Scienze della Natura ;Scienze della vita e biologia dei sistemi;Via Gabriele Chiabrera, 27, Torino;45.0451239, 7.679907;I;"SCIENZE E TECNICHE DELLE ATTIVITÀ MOTORIE E SPORTIVE";Convenzionale;1436;227;2,87
8704;Scuola di Scienze della Natura ;Scienze della vita e biologia dei sistemi;Via Gabriele Chiabrera, 27, Torino;45.0451239, 7.679907;I;SCIENZE NATURALI;convenzionale;1436;227;2,87
2303M21;Scuola di Management ed Economia;Scienze economico-sociali e matematico-statistiche;corso Unione Sovietica, 218bis,Torino;45.0380931, 7.6515426;II;ECONOMIA E MANAGEMENT;convenzionale;189;54;1,07
2304M22;Scuola di Management ed Economia;Scienze economico-sociali e matematico-statistiche;corso Unione Sovietica, 218bis,Torino;45.0380931, 7.6515426;II;ECONOMICS;convenzionale;182;52;1,03
102512;Scuola di Management ed Economia;Scienze economico-sociali e matematico-statistiche;corso Unione Sovietica, 218bis,Torino;45.0380931, 7.6515426;II;QUANTITATIVE FINANCE AND INSURANCE  - FINANZA QUANTITATIVA E ASSICURAZIONI;convenzionale;182;52;1,03
2301L31;Scuola di Management ed Economia;Scienze economico-sociali e matematico-statistiche;corso Unione Sovietica, 218bis,Torino;45.0380931, 7.6515426;I;ECONOMIA;convenzionale;1196;189;2,39
7603;Scuola di Medicina;Scienze mediche;Molinette, Corso Dogliotti, 14,Torino;45.0406107, 7.6757794;CU;MEDICINA E CHIRURGIA;convenzionale;3815;373;37,83
7701;Scuola di Medicina;Scienze mediche;Molinette, Corso Dogliotti, 14,Torino;45.0406107, 7.6757794;II;BIOTECNOLOGIE MEDICHE;convenzionale;245;70;1,39
70718;Scuola di Medicina;Scienze mediche;Molinette, Corso Dogliotti, 14,Torino;45.0406107, 7.6757794;I;DIETISTICA;convenzionale;70;11;0,14
70704;Scuola di Medicina;Scienze mediche;Molinette, Corso Dogliotti, 14,Torino;45.0406107, 7.6757794;I;INFERMIERISTICA;convenzionale;75;12;0,15
"2403M21";Scuola di Medicina;"Scienze mediche";Molinette, Corso Dogliotti, 14,Torino;45.0406107, 7.6757794;II;"Scienze delle Attività Motorie Preventive e Adattate";Convenzionale;245;70;1,39
2501L31;Scuola di Agraria e Medicina veterinaria;Scienze veterinarie;Largo Paolo Braccini 2, Grugliasco, TO;45.0671764, 7.591895900457507;I;SISTEMI ZOOTECNICI SOSTENIBILI;Convenzionale;145;23;0,29
2502L31;Scuola di Agraria e Medicina veterinaria;Scienze veterinarie;Largo Paolo Braccini 2, Grugliasco, TO;45.0671764, 7.591895900457507;I;TECNICHE DI ASSISTENZA VETERINARIA;Convenzionale;150;24;0,3
10502;Scuola di Agraria e Medicina veterinaria;Scienze veterinarie;Largo Paolo Braccini 2, Grugliasco, TO;45.0671764, 7.591895900457507;CU;MEDICINA VETERINARIA;Convenzionale;923;78;7,91
90512;Scuola di Scienze umanistiche;Studi storici;Via XX Settembre, 18, Venaria Reale TO;45.1336219, 7.6267406;CU;CONSERVAZIONE E RESTAURO DEI BENI CULTURALI;convenzionale;118;10;1,01
5505;Scuola di Scienze umanistiche;Studi storici;Via Sant'Ottavio 20, Torino;45.067977, 7.6941289;II;ARCHEOLOGIA E STORIA ANTICA;convenzionale;99;28;0,56
2607M21;Scuola di Scienze umanistiche;Studi storici;Via Sant'Ottavio 20, Torino;45.067977, 7.6941289;II;SCIENZE DEL LIBRO, DEL DOCUMENTO, DEL PATRIMONIO CULTURALE;convenzionale;92;26;0,52
2603M21;Scuola di Scienze umanistiche;Studi storici;Via Sant'Ottavio 20, Torino;45.067977, 7.6941289;II;SCIENZE DELLE RELIGIONI;convenzionale;92;26;0,52
2604M21;Scuola di Scienze umanistiche;Studi storici;Via Sant'Ottavio 20, Torino;45.067977, 7.6941289;II;SCIENZE STORICHE ;convenzionale;92;26;0,52
5513;Scuola di Scienze umanistiche;Studi storici;Via Sant'Ottavio 20, Torino;45.067977, 7.6941289;II;STORIA DELL'ARTE;convenzionale;92;26;0,52
2601L31;Scuola di Scienze umanistiche;Studi storici;Via Sant'Ottavio 18, Torino;45.0674128, 7.6941972;I;BENI CULTURALI;convenzionale;550;87;1,1
5703;Scuola di Scienze umanistiche;Studi storici;Via Sant'Ottavio 18, Torino;45.0674128, 7.6941972;I;STORIA;convenzionale;550;87;1,1
5512;Scuola di Scienze umanistiche;Studi umanistici;Via Sant'Ottavio 20, Torino;45.067977, 7.6941289;II;CULTURE MODERNE COMPARATE;convenzionale;139;40;0,79
5508;Scuola di Scienze umanistiche;Studi umanistici;Via Sant'Ottavio 20, Torino;45.067977, 7.6941289;II;FILOLOGIA, LETTERATURE E STORIA DELL'ANTICHITÀ;convenzionale;139;40;0,79
5509;Scuola di Scienze umanistiche;Studi umanistici;Via Sant'Ottavio 20, Torino;45.067977, 7.6941289;II;LETTERATURA, FILOLOGIA E LINGUISTICA ITALIANA;convenzionale;139;40;0,79
5701;Scuola di Scienze umanistiche;Studi umanistici;Via Sant'Ottavio 20, Torino;45.067977, 7.6941289;I;LETTERE;convenzionale;1076;170;2,15
12702;Scuola di Scienze umanistiche;Studi umanistici;Via Sant'Ottavio 20, Torino;45.067977, 7.6941289;I;LINGUE E CULTURE DELL'ASIA E DELL'AFRICA;convenzionale;1076;170;2,15
5704;Scuola di Scienze umanistiche;Studi umanistici;Via Sant'Ottavio 20, Torino;45.067977, 7.6941289;I;SCIENZE DELLA COMUNICAZIONE;convenzionale;1076;170;2,15
2711M22;Scuola di Scienze umanistiche;Studi umanistici;Via Sant'Ottavio 18, Torino;45.0674128, 7.6941972;II;CAM - CINEMA, ARTI DELLA SCENA, MUSICA E MEDIA;convenzionale;150;43;0,85
5705;Scuola di Scienze umanistiche;Studi umanistici;Via Sant'Ottavio 18, Torino;45.0674128, 7.6941972;I;CULTURE E LETTERATURE DEL MONDO MODERNO;convenzionale;1081;171;2,16
2701L31;Scuola di Scienze umanistiche;Studi umanistici;Via Sant'Ottavio 18, Torino;45.0674128, 7.6941972;I;DAMS (DISCIPLINE DELLE ARTI, DELLA MUSICA E DELLO SPETTACOLO);convenzionale;1076;170;2,15
2706M21;Scuola di Scienze umanistiche;Studi umanistici;Palazzo Gorresio, via Giulia di Barolo 3/A, Torino;45.0664508, 7.6948708;II;LINGUE DELL'ASIA E DELL'AFRICA PER LA COMUNICAZIONE E LA COOPERAZIONE INTERNAZIONALE;convenzionale;139;40;0,79
5502;Scuola di Scienze umanistiche;Studi umanistici;Palazzo Gorresio, via Giulia di Barolo 3/A, Torino;45.0664508, 7.6948708;II;SCIENZE LINGUISTICHE;convenzionale;139;40;0,79
